backend,method,n_trials,avg_ms,std_ms,p50_ms,p95_ms,min_ms,max_ms
legacy_euler,euler,20,24.331856198841706,1.5787851728234192,24.091095488984138,26.45819652534556,22.711910016369075,29.613517981488258
torchdiffeq,euler,20,79.72308619937394,202.92269132548162,32.62432248448022,92.00813602365153,28.034643968567252,964.0669630025513
torchdiffeq,midpoint,20,74.53669859096408,11.761320197953438,70.21485498989932,100.42631193064153,63.08699899818748,102.88768401369452
torchdiffeq,rk4,20,148.98684944782872,16.066440508254114,144.6571020060219,176.2991505675018,132.38622195785865,203.83356302045286
