backend,method,n_trials,avg_ms,std_ms,p50_ms,p95_ms,min_ms,max_ms
legacy_euler,euler,20,24.958798292209394,1.6723579216866378,24.355106987059116,28.16602506209165,22.252114955335855,28.6613559583202
torchdiffeq,dopri5,20,119.7840692504542,348.117415327774,39.527857006760314,127.82982964126971,32.271591015160084,1637.0985659887083
torchdiffeq,rk4,20,128.67485860479064,10.682509415645077,125.40481600444764,149.46333488624077,116.67413503164425,153.94486201694235
torchdiffeq,midpoint,20,62.826860646600835,5.112566550412485,61.64471249212511,73.42400149791501,54.80070802150294,74.70016501611099
