backend,method,n_trials,avg_ms,std_ms,p50_ms,p95_ms,min_ms,max_ms
legacy_euler,euler,50,0.23996190167963505,0.08053030382122604,0.2148939820472151,0.33312647719867505,0.2103879814967513,0.7487150141969323
torchdiffeq,dopri5,50,37.37000995781273,229.47555823488545,4.340505518484861,6.242886680411174,3.8625059532932937,1643.6920939595439
torchdiffeq,rk4,50,2.213852439308539,0.5721966066363368,1.9885354849975556,3.4950297005707394,1.861507014837116,4.473954963032156
torchdiffeq,midpoint,50,1.1081600398756564,0.2425063555400923,1.0403870255686343,1.4905898424331094,0.9597490425221622,2.3974160430952907
